ID,名称,建造时间,建筑面积,占地面积,层数,结构类型,层高,特殊情况,结构功能
0,清华大学汽车研究所,1990,0,3088.01083,4,框架结构,2.5,估计年份,办公楼
1,废品处理站,1990,0,199.62706,2,砖混结构,3,估计年份,后勤
2,化工实验楼1,1980,0,192.13436,2,砖混结构,3,估计年份,科研
3,化工实验楼2,1995,0,150.38925,2,砖混结构,3,估计年份,科研
4,化工实验楼3,1995,0,300.6179,2,砖混结构,3,估计年份,科研
5,汽车碰撞实验室1,1990,0,593.42221,2,框架结构,6,估计年份,科研
6,汽车碰撞实验室2,1990,0,353.38807,2,框架结构,6,估计年份,科研
7,汽车研究所1,1990,0,43.48146,2,框架剪力墙,3,估计年份,居民楼
8,汽车研究所2,1990,0,109.22696,2,框架剪力墙,3,估计年份,居民楼
9,汽车研究所3,1990,0,113.31825,2,框架剪力墙,3,估计年份,居民楼
10,汽车实验室1,1990,0,287.71983,1,框架结构,3.5,估计年份,科研
11,汽车实验室2,1990,0,50.2368,1,框架结构,3.5,估计年份,科研
12,高电压及绝缘技术研究所1,1970,0,391.33322,3,砖混结构,2.799999,估计年份,科研
13,高电压及绝缘技术研究所2,1970,0,930.91495,3,砖混结构,2.799999,估计年份,科研
14,高电压及绝缘技术研究所附楼1,1970,0,202.73116,3,砖混结构,2.799999,估计年份,科研
15,高电压及绝缘技术研究所附楼3,1970,0,553.81786,3,砖混结构,2.799999,估计年份,科研
16,清华大学出版社,1970,0,1484.62577,3,框架结构,2.5,估计年份,办公楼
17,印刷厂1,1970,0,366.8749,1,砖混结构,3,估计年份,后勤
18,印刷厂2,1970,0,759.5461,2,砖混结构,3,估计年份,后勤
19,印刷厂3,1970,0,1142.95847,3,砖混结构,3,估计年份,后勤
20,蒙民伟科技楼,2011,0,8427.00169,8,钢结构,2.5, ,办公楼
21,罗姆电子馆,2011,0,3948.27763,11,框架剪力墙,2.5, ,办公楼
22,大五金库,1980,0,1982.25789,2,框架结构,4,估计年份,后勤
23,五金库1,1980,0,128.70242,2,框架结构,3,估计年份,后勤
24,五金库2,1980,0,217.71158,2,框架结构,3,估计年份,后勤
25,五金库3,1980,0,199.36847,2,框架结构,3,估计年份,后勤
26,五金库4,1980,0,153.66107,2,框架结构,3,估计年份,后勤
27,五金库5,1980,0,43.76416,2,框架结构,3,估计年份,后勤
28,五金库6,1980,0,90.34207,2,框架结构,3,估计年份,后勤
29,五金库7,1980,0,29.43102,2,框架结构,3,估计年份,后勤
30,五金库8,1980,0,81.52329,2,框架结构,3,估计年份,后勤
31,五金库9,1980,0,42.3873,2,框架结构,3,估计年份,后勤
32,五金库10,1980,0,48.04696,2,框架结构,3,估计年份,后勤
33,锅炉房1,1970,0,1995.90581,3,框架结构,2.5,估计年份,后勤
34,锅炉房2,1970,0,1085.36165,3,框架结构,2.5,估计年份,后勤
35,综合体育馆,2008,0,10050.68928,1,钢结构,10,异形建筑,活动中心
36,射击馆,2009,0,3764.88419,2,框架结构,5, ,活动中心
37,东体育馆,1990,0,3373.30782,1,框架结构,4.5,估计时间,活动中心
38,游泳馆,2001,0,4070.02621,1,框架结构,10,异形建筑,活动中心
39,学生公寓16号楼,1990,0,549.05266,5,剪力墙结构,2.5,估计年份,学生公寓
40,学生公寓17号楼,1990,0,504.05943,5,剪力墙结构,2.5,估计年份,学生公寓
41,紫荆公寓18号楼,1990,0,553.78879,5,剪力墙结构,2.5,估计年份,学生公寓
42,闻馨园餐厅,1983,0,1299.22165,2,框架结构,3.2, ,餐厅
43,学生公寓15号楼,1990,0,873.30834,7,剪力墙结构,2.5,估计年份,学生公寓
44,汽车实验室3,1970,0,248.30847,2,砖混结构,2.5,估计年份,科研
45,汽车实验室4,1970,0,164.24218,2,砖混结构,2.5,估计年份,科研
46,学生就业中心,1970,0,716.50865,5,砖混结构,2.799999,估计年份,办公楼
47,汽车系办公室,1980,0,529.76985,3,框架结构,3,估计年份,办公楼
48,学生公寓11号楼,1990,0,693.1663,5,剪力墙结构,2.799999,估计年份,学生公寓
49,人文社科图书馆,2009,0,3777.7394,5,框架剪力墙,3.2,异形建筑,图书馆
50,土木馆,1995,0,630,4,框架结构,4, ,办公楼
51,空调实验室1,1995,0,2473.10503,1,砖混结构,4,估计年份,科研
52,土木系实验室1,1995,0,1753.21344,2,砖混结构,4,估计年份,科研
53,土木系实验室2,1995,0,199.76315,2,砖混结构,3,估计时间,科研
54,土木系实验室3,1995,0,295.66976,2,砖混结构,3,估计年份,科研
55,土木系实验室4,1995,0,182.51011,2,砖混结构,6,估计年份,科研
56,教材中心,1995,0,1199.59379,1,框架结构,2.799999,估计年份,图书馆
57,空调实验室2,1995,0,186.4005,2,砖混结构,3,估计年份,科研
58,学生公寓5号楼,1970,0,1138.79585,4,剪力墙结构,2.799999,估计年份,学生公寓
59,学生公寓6号楼,1970,0,1107.58815,4,剪力墙结构,2.799999,估计年份,学生公寓
60,量子信息中心,1990,0,749.36554,1,框架结构,3,估计时间,科研
61,心理咨询中心,1970,0,791.22954,4,剪力墙结构,2.799999,估计年份,办公楼
62,实验室设备处,1970,0,795.60623,4,剪力墙结构,2.799999,估计年份,办公楼
63,老化学馆,1931,0,1506.62378,4,砖混,3.2, , 办公楼
64,何添楼（新化学馆）,2004,0,1696.52792,4,框架剪力墙,3.2, ,办公楼
65,善斋,1932,0,782.0642,3,砖混,3.2, ,宿舍
66,平斋,1934,0,958.19424,3,砖混,3.2, ,宿舍
67,明斋,1930,0,1559.09698,3,砖混,3.2,估计年份,宿舍
68,新斋人文学院,1934,0,1733.45568,3,砖混,3.2, ,办公楼
69,清西文化,1934,0,1388.11386,2,框架结构,3.2, 估计年份,商业楼
70,1号楼,1954,0,2098.59024,4,砖混,3.2, ,宿舍
71,2号楼,1954,0,2410.24829,4,砖混,3.2, ,宿舍
72,3号楼,1954,0,869.03449,4,砖混,3.2, ,宿舍
73,4号楼,1954,0,872.56384,4,砖混,3.2, ,宿舍
74,立斋,1951,0,681.18905,3,砖混,3.2, 估计年份,宿舍
75,诚斋,1951,0,669.24182,3,砖混,3.2, 估计年份,宿舍
76,生命科学馆,1999,0,2958.1764,4,框架剪力墙,3.5, ,办公楼
77,泥沙实验室,1971,0,4641.31983,2,框架结构,6, ,办公楼
78,四教,1987,0,1104.76618,4,框架结构,4, ,教学楼
79,五教,1987,0,1467.27975,2,框架结构,4, ,教学楼
80,保卫科派出所,1970,0,948.17844,1,框架结构,3.2, 估计年份,办公楼
81,文南楼,1986,0,1452.70437,4,混合,3.5, ,办公楼
82,动力机械与工程研究所,1972,0,1371.68248,1,框架结构,3.2, ,办公楼
83,旧水利馆,1932,0,1018.24938,3,框架结构,3.2, ,教学楼
84,旧土木馆,1922,0,1100.34945,2,框架结构,3.2, ,办公楼
85,一教,1954,0,845.18088,3,框架结构,3, ,教学楼
86,二教,1952,0,650.77327,2,砖混,3, ,教学楼
87,科学馆,1919,0,1319.62952,3,砖混,3.2, ,办公楼
88,丙所,1915,0,954.37065,1,砖混,3.599999, 估计年份,办公楼
89,甲所,1915,0,2008.52381,1,砖混,3.599999, 估计年份,办公楼
90,静斋,1932,0,739.59386,4,砖混,3.2, ,招待所
91,生物馆,1930,0,1400.69048,4,框架剪力墙,3.2, ,办公楼
92,十四宿舍,1954,0,285.51436,3,砖混,3.2, 估计年份,宿舍
93,十五宿舍,1954,0,1507.3721,3,砖混,3.2, 估计年份,宿舍
94,十八宿舍,1954,0,395.8732,4,砖混,3.2, 估计年份,宿舍
95,十六宿舍,1954,0,1501.06824,3,砖混,3.2, 估计年份,宿舍
96,十七宿舍,1954,0,250.97695,3,砖混,3.2, 估计年份,宿舍
97,13号楼,1954,0,1290.58268,5,砖混,3.2, 估计年份,宿舍
98,14号楼,1954,0,1941.70567,6,砖混,3.2, 估计年份,宿舍
99,财务处,1950,0,984.99357,4,框架剪力墙,3.2, 估计年份,办公楼
100,财务处2,1950,0,438.69869,1,框架结构,3.2, 估计年份,办公楼
101,校团委,1950,0,671.14248,2,砖混,3.2, 估计年份,办公楼
102,某办公楼1,1950,0,1033.90723,1,砖混,3.2, 估计年份,办公楼
103,文北楼,1987,0,889.72972,7,框架剪力墙,3.5, ,教学楼
104,某办公楼2,1980,0,435.58096,2,砖混,3.2, 估计年份,办公楼
105,公会,1930,0,361.8121,1,砖混结构,3.2, 估计年份,办公楼
106,问询处,1989,0,367.54092,1,框架结构,3.2, 估计年份,办公楼
107,某荒废建筑,1970,0,134.80268,1,框架结构,3.2, 估计年份,办公楼
108,熙春园,1980,0,997.12672,1,框架结构,3.2, 估计年份,食堂
109,强斋,1951,0,375.02347,3,砖混,3.2, ,宿舍
110,荷二楼,1940,0,700.70892,3,砖混,3.2, 估计年份,办公楼
111,近春园楼（伟伦中心）,1988,0,2311.67692,4,框架结构,3.2, 估计年份,办公楼
112,西阶,1911,0,368.74904,2,砖混,3.2, ,教室
113,新水,1955,0,3721.78542,3,框架结构,3.2, ,教学楼
114,文西楼,1934,0,1037.57921,3,框架结构,3.2, ,办公楼
115,教育基金会,1920,0,562.6716,2,砖混,3.2,估计年份,办公楼
116,环境工程实验楼,1950,0,1704.46081,1,砖混,3.2,估计年份,办公楼
117,物业管理中心,1999,0,343.35663,1,砖混,3.2,估计年份,办公楼
118,观畴园,2001,0,3513.2948,3,框架结构,3.2, ,食堂
119,人环楼,1990,0,1807.23129,3,框架结构,3.2,估计年份,办公楼
120,花房1,1980,0,779.52893,1,砖混,3.2,估计年份,办公楼
121,花房2,1980,0,656.98768,1,砖混,3.2,估计年份,办公楼
122,花房3,1980,0,1045.74376,1,砖混,3.2,估计年份,办公楼
123,花房4,1980,0,433.91439,1,砖混,3.2,估计年份,办公楼
124,花房5,1980,0,206.3691,1,砖混,3.2,估计年份,办公楼
125,蒙民伟楼,1995,0,2315.04309,3,框架结构,3.5, ,活动
126,西区体育馆,1916,0,2944.6508,2,砖混,3.2, 估计年份,办公楼
127,医学科学楼,2006,0,8221.18944,3,框架结构,3.5, ,办公楼
128,某医学研究室,2000,0,818.21447,3,框架结构,3.2, 估计年份,办公楼
129,校医院北楼,1988,0,784.17044,4,砖混,3.5, ,医院
130,校医院南楼,1988,0,2129.84354,2,框架结构,3.5, ,医院
131,老机械工程馆2,1935,0,650.93971,3,砖混,3.2, ,办公楼
132,老机械工程馆,1935,0,1135.96062,2,砖混,3.5, ,办公楼
133,听涛园1,1981,0,646.69272,1,框架结构,3.2, ,食堂
134,听涛园2,1981,0,650.26827,1,框架结构,5, ,食堂
135,听涛园3,1981,0,1057.7472,2,框架结构,3.2, ,食堂
136,工会俱乐部,1952,0,397.66559,1,框架结构,3.2,估计年份,办公楼
137,荷园餐厅,1952,0,1471.89351,2,框架结构,3.5, ,食堂
138,新图书馆,1987,1184706560,6928.85714,4,砖混,3.599999, ,图书馆
139,老图书馆,1916,1172713472,3602.06691,4,砖混,3.5, ,图书馆
140,老留学生楼,1960,0,1247.46629,2,框架剪力墙,3.599999,估计年份,住宅
141,老留学生楼,1960,0,144.01953,2,框架剪力墙,3.599999,估计年份,住宅
142,老留学生楼,1960,0,999.73378,2,框架剪力墙,3.599999,估计年份,住宅
143,老留学生楼,1960,0,374.88057,2,框架剪力墙,3.599999,估计年份,住宅
144,老留学生楼,1960,0,622.92087,2,框架剪力墙,3.599999,估计年份,住宅
145,老留学生楼,1960,0,177.21174,2,框架剪力墙,3.599999,估计年份,住宅
146,老留学生楼,1960,0,399.7419,2,框架剪力墙,3.599999,估计年份,住宅
147,老留学生楼,1960,0,363.06224,2,框架剪力墙,3.599999,估计年份,住宅
148,老留学生楼,1960,0,510.93818,2,框架剪力墙,3.599999,估计年份,住宅
149,老留学生楼,1960,0,57.02375,2,框架剪力墙,3.599999,估计年份,住宅
150,老留学生楼,1960,0,122.46802,2,框架剪力墙,3.599999,估计年份,住宅
151,老留学生楼,1960,0,122.76123,2,框架剪力墙,3.599999,估计年份,住宅
152,老留学生楼,1960,0,23.39393,2,框架剪力墙,3.599999,估计年份,住宅
153,理科楼,1999,1181527040,4586.1939,3,砖混,3.5, ,办公楼
154,西院,1990,0,198.05334,1,砖混,3.5,估计年份, 住宅
155,西院,1990,0,202.6089,1,砖混,3.5,估计年份,住宅
156,西院,1990,0,185.59143,1,砖混,3.5,估计年份,住宅
157,西院,1990,0,21.79736,1,砖混,3.5,估计年份,住宅
158,西院,1990,0,119.66237,1,砖混,3.5,估计年份,住宅
159,西院,1990,0,85.27136,1,砖混,3.5,估计年份,住宅
160,西院,1990,0,142.29914,1,砖混,3.5,估计年份,住宅
161,西院,1990,0,142.94487,1,砖混,3.5,估计年份,住宅
162,西院,1990,0,136.17626,1,砖混,3.5,估计年份,住宅
163,西院,1990,0,136.01511,1,砖混,3.5,估计年份,住宅
164,西院,1990,0,40.70713,1,砖混,3.5,估计年份,住宅
165,西院,1990,0,148.74987,1,砖混,3.5,估计年份,住宅
166,西院,1990,0,166.89649,1,砖混,3.5,估计年份,住宅
167,西院,1990,0,141.96841,1,砖混,3.5,估计年份,住宅
168,西院,1990,0,183.87301,1,砖混,3.5,估计年份,住宅
169,西院,1990,0,152.68623,1,砖混,3.5,估计年份,住宅
170,西院,1990,0,107.6432,1,砖混,3.5,估计年份,住宅
171,西院,1990,0,42.10544,1,砖混,3.5,估计年份,住宅
172,西院,1990,0,22.69301,1,砖混,3.5,估计年份,住宅
173,西院,1990,0,45.53188,1,砖混,3.5,估计年份,住宅
174,西院,1990,0,168.38943,1,砖混,3.5,估计年份,住宅
175,西院,1990,0,159.54823,1,砖混,3.5,估计年份,住宅
176,西院,1990,0,32.38022,1,砖混,3.5,估计年份,住宅
177,西院,1990,0,32.89556,1,砖混,3.5,估计年份,住宅
178,西院,1990,0,39.0753,1,砖混,3.5,估计年份,住宅
179,西院,1990,0,306.45323,1,砖混,3.5,估计年份,住宅
180,西院,1990,0,160.59716,1,砖混,3.5,估计年份,住宅
181,西院,1990,0,161.92058,1,砖混,3.5,估计年份,住宅
182,西院,1990,0,43.64369,1,砖混,3.5,估计年份,住宅
183,西院,1990,0,162.84165,1,砖混,3.5,估计年份,住宅
184,西院,1990,0,146.46222,1,砖混,3.5,估计年份,住宅
185,西院,1990,0,45.69932,1,砖混,3.5,估计年份,住宅
186,西院,1990,0,150.23698,1,砖混,3.5,估计年份,住宅
187,西院,1990,0,114.3793,1,砖混,3.5,估计年份,住宅
188,西院,1990,0,35.74808,1,砖混,3.5,估计年份,住宅
189,西院,1990,0,43.14956,1,砖混,3.5,估计年份,住宅
190,西院,1990,0,44.45976,1,砖混,3.5,估计年份,住宅
191,西院,1990,0,143.39935,1,砖混,3.5,估计年份,住宅
192,西院,1990,0,113.94119,1,砖混,3.5,估计年份,住宅
193,西院,1990,0,14.29034,1,砖混,3.5,估计年份,住宅
194,西院,1990,0,37.55064,1,砖混,3.5,估计年份,住宅
195,西院,1990,0,21.96472,1,砖混,3.5,估计年份,住宅
196,西院,1990,0,122.92297,1,砖混,3.5,估计年份,住宅
197,西院,1990,0,127.58514,1,砖混,3.5,估计年份,住宅
198,西院,1990,0,390.20715,1,砖混,3.5,估计年份,住宅
199,西院,1990,0,148.92629,1,砖混,3.5,估计年份,住宅
200,西院,1990,0,147.62683,1,砖混,3.5,估计年份,住宅
201,西院,1990,0,15.04605,1,砖混,3.5,估计年份,住宅
202,西院,1990,0,145.59666,1,砖混,3.5,估计年份,住宅
203,西院,1990,0,29.27129,1,砖混,3.5,估计年份,住宅
204,西院,1990,0,146.2666,1,砖混,3.5,估计年份,住宅
205,西院,1990,0,15.93609,1,砖混,3.5,估计年份,住宅
206,西院,1990,0,16.70987,1,砖混,3.5,估计年份,住宅
207,西院,1990,0,14.59542,1,砖混,3.5,估计年份,住宅
208,西院,1990,0,146.23748,1,砖混,3.5,估计年份,住宅
209,西院,1990,0,16.47866,1,砖混,3.5,估计年份,住宅
210,西院,1990,0,146.78648,1,砖混,3.5,估计年份,住宅
211,西院,1990,0,29.71065,1,砖混,3.5,估计年份,住宅
212,西院,1990,0,15.92735,1,砖混,3.5,估计年份,住宅
213,西院,1990,0,15.84713,1,砖混,3.5,估计年份,住宅
214,西院,1990,0,17.83884,1,砖混,3.5,估计年份,住宅
215,西院,1990,0,31.75648,1,砖混,3.5,估计年份,住宅
216,西院,1990,0,16.57819,1,砖混,3.5,估计年份,住宅
217,西院,1990,0,17.42815,1,砖混,3.5,估计年份,住宅
218,西院,1990,0,15.64826,1,砖混,3.5,估计年份,住宅
219,西院,1990,0,14.31525,1,砖混,3.5,估计年份,住宅
220,西院,1990,0,14.94692,1,砖混,3.5,估计年份,住宅
221,西院,1990,0,29.56984,1,砖混,3.5,估计年份,住宅
222,西院,1990,0,13.60172,1,砖混,3.5,估计年份,住宅
223,西院,1990,0,15.44182,1,砖混,3.5,估计年份,住宅
224,西院,1990,0,15.37783,1,砖混,3.5,估计年份,住宅
225,西院,1990,0,29.37824,1,砖混,3.5,估计年份,住宅
226,西院,1990,0,13.93005,1,砖混,3.5,估计年份,住宅
227,西院,1990,0,200.69244,1,砖混,3.5,估计年份,住宅
228,西院,1990,0,87.93344,1,砖混,3.5,估计年份,住宅
229,西院,1990,0,271.23663,1,砖混,3.5,估计年份,住宅
230,汽车房,1990,0,240.66756,1,框架结构,3.599999,估计年份,汽车房
231,汽车房,1990,0,96.62566,1,框架结构,3.599999,估计年份,汽车房
232,汽车房,1990,0,52.28153,1,框架结构,3.599999,估计年份,汽车房
233,汽车房,1990,0,48.84274,1,框架结构,3.599999,估计年份,汽车房
234,汽车房,1990,0,150.76802,1,框架结构,3.599999,估计年份,汽车房
235,汽车房,1990,0,31.56847,1,框架结构,3.599999,估计年份,汽车房
236,汽车房,1990,0,39.24967,1,框架结构,3.599999,估计年份,汽车房
237,汽车房,1990,0,19.62324,1,框架结构,3.599999,估计年份,汽车房
238,汽车房,1990,0,133.81296,1,框架结构,3.599999,估计年份,汽车房
239,汽车房,1990,0,198.85694,1,框架结构,3.599999,估计年份,汽车房
240,汽车房,1990,0,193.60442,1,框架结构,3.599999,估计年份,汽车房
241,汽车房,1990,0,29.50847,1,框架结构,3.599999,估计年份,汽车房
242,汽车房,1990,0,153.23139,1,框架结构,3.599999,估计年份,汽车房
243,汽车房,1990,0,198.46832,1,框架结构,3.599999,估计年份,汽车房
244,汽车房,1990,0,261.75015,1,框架结构,3.599999,估计年份,汽车房
245,汽车房,1990,0,331.60086,1,框架结构,3.599999,估计年份,汽车房
246,汽车房,1990,0,342.12293,1,框架结构,3.599999,估计年份,汽车房
247,汽车房,1990,0,68.16427,1,框架结构,3.599999,估计年份,汽车房
248,汽车房,1990,0,374.067,1,框架结构,3.599999,估计年份,汽车房
249,汽车房,1990,0,378.32467,1,框架结构,3.599999,估计年份,汽车房
250,汽车房,1990,0,818.73423,1,框架结构,3.599999,估计年份,汽车房
251,汽车房,1990,0,316.63174,1,框架结构,3.599999,估计年份,汽车房
252,工字厅,1780,0,275.33651,1,砖混,3.599999,估计年份,办公楼
253,工字厅,1780,0,442.4618,1,砖混,3.599999,估计年份,办公楼
254,工字厅,1780,0,94.20222,1,砖混,3.599999,估计年份,办公楼
255,工字厅,1780,0,22.69377,1,砖混,3.599999,估计年份,办公楼
256,工字厅,1780,0,109.13136,1,砖混,3.599999,估计年份,办公楼
257,工字厅,1780,0,255.37131,1,砖混,3.599999,估计年份,办公楼
258,工字厅,1780,0,53.26485,1,砖混,3.599999,估计年份,办公楼
259,工字厅,1780,0,82.06353,1,砖混,3.599999,估计年份,办公楼
260,工字厅,1780,0,92.16991,1,砖混,3.599999,估计年份,办公楼
261,工字厅,1780,0,83.07126,1,砖混,3.599999,估计年份,办公楼
262,工字厅,1780,0,80.5934,1,砖混,3.599999,估计年份,办公楼
263,工字厅,1780,0,105.47078,1,砖混,3.599999,估计年份,办公楼
264,工字厅,1780,0,76.15717,1,砖混,3.599999,估计年份,办公楼
265,工字厅,1780,0,212.92454,1,砖混,3.599999,估计年份,办公楼
266,工字厅,1780,0,115.48689,1,砖混,3.599999,估计年份,办公楼
267,古月堂,1822,0,155.17763,1,砖混,3.599999,估计年份,办公楼
268,古月堂,1822,0,369.8464,1,砖混,3.599999,估计年份,办公楼
269,古月堂,1822,0,198.38674,1,砖混,3.599999,估计年份,办公楼
270,古月堂,1822,0,143.23797,1,砖混,3.599999,估计年份,办公楼
271,派出所,1912,1134765670,88.8212,1,砖混,3.5, ,办公楼
272,清华学堂,1911,1167151104,1956.22089,2,砖混,3.5, ,教学楼
273,大礼堂,1917,1155989504,1152.68451,1,砖混,6,异形结构,礼堂
274,同方部,1911,0,336.58681,1,砖混结构,3.599999, ,办公楼
275,某土力学研究室,1980,0,103.44502,2,框架结构,3.5,估计年份,办公楼
276,桃李园,2003,0,2389.78985,3,框架剪力墙,5, ,食堂
277,紫荆园,2003,0,2338.99875,4,框架剪力墙,5, ,食堂
278,玉树园,2003,0,818.84548,2,框架剪力墙,4.5, ,食堂
279,芝兰园,2003,0,835.31276,2,框架剪力墙,4.5, ,食堂
280,31号楼,2000,0,871.95518,7,剪力墙,3.5, ,学生公寓
281,紫荆1号楼,2003,0,3328.14553,7,剪力墙,3.5, ,学生公寓
282,紫荆2号楼,2003,0,2740.86541,7,剪力墙,3.5, ,学生公寓
283,紫荆3号楼,2003,0,1513.19313,7,剪力墙,3.5, ,学生公寓
284,紫荆4号楼,2003,0,2703.48388,7,剪力墙,3.5, ,学生公寓
285,紫荆5号楼,2003,0,3550.06708,7,剪力墙,3.5, ,学生公寓
286,紫荆6号楼,2003,0,3276.04794,7,剪力墙,3.5, ,学生公寓
287,紫荆7号楼,2003,0,1400.20261,7,钢结构,3.5, ,学生公寓
288,紫荆8号楼,2003,0,2302.94266,7,剪力墙,3.5, ,学生公寓
289,紫荆9号楼,2003,0,2121.2782,7,剪力墙,3.5, ,学生公寓
290,紫荆10号楼,2003,0,1223.44369,7,剪力墙,3.5, ,学生公寓
291,紫荆11号楼,2003,0,1982.2392,7,剪力墙,3.5, ,学生公寓
292,紫荆12号楼,2003,0,1443.50437,7,剪力墙,3.5, ,学生公寓
293,紫荆13号楼,2003,0,823.91734,7,剪力墙,3.5, ,学生公寓
294,紫荆14号楼,2003,0,1967.18489,15,剪力墙,3.5, ,学生公寓
295,紫荆15号楼,2003,0,1680.85076,15,剪力墙,3.5, ,学生公寓
296,紫荆16号楼,2003,0,1501.10775,15,剪力墙,3.5, ,学生公寓
297,紫荆17号楼,2003,0,1474.96592,15,剪力墙,3.5, ,学生公寓
298,紫荆18号楼,2003,0,1188.99384,12,剪力墙,3.5, ,学生公寓
299,紫荆19号楼,2003,0,1321.54925,12,剪力墙,3.5, ,学生公寓
300,紫荆20号楼,2003,0,1301.08228,12,剪力墙,3.5, ,学生公寓
301,紫荆21号楼,2003,0,1334.57342,12,剪力墙,3.5, ,学生公寓
302,紫荆22号楼,2003,0,1268.606,12,剪力墙,3.5, ,学生公寓
303,紫荆23号楼,2003,0,1389.03885,12,剪力墙,3.5, ,学生公寓
304,32号楼,2000,0,897.95366,7,剪力墙,3.5, ,学生公寓
305,33号楼,2000,0,896.36533,7,剪力墙,3.5, ,学生公寓
306,34号楼,2000,0,809.30713,7,剪力墙,3.5, ,学生公寓
307,35号楼,2000,0,855.83336,6,剪力墙,3.5, ,学生公寓
308,36号楼,2000,0,868.29405,6,剪力墙,3.5, ,学生公寓
309,37号楼,2000,0,733.40863,6,剪力墙,3.5, ,学生公寓
310,23号楼,1988,0,1082.54367,5,剪力墙,3.5, ,学生公寓
311,24号楼,1988,0,641.37542,5,剪力墙,3.5, ,学生公寓
312,25号楼,1988,0,619.77753,5,剪力墙,3.5, ,学生公寓
313,26号楼,1989,0,1107.3026,6,剪力墙,3.5, ,学生公寓
314,27号楼,1991,0,758.49953,6,剪力墙,3.5, ,学生公寓
315,28号楼,1990,0,1866.18274,5,剪力墙,3.5, ,学生公寓
316,饮食中心加工厂,1992,0,2007.8841,1,框架结构,4, ,饮食加工
317,丁香园,1988,0,2092.48203,1,框架结构,4, ,食堂
318,节水科研教学基地,2003,0,395.02472,2,框架结构,3.5, ,办公楼
319,学生服务中心,2003,0,1793.84583,4,框架剪力墙,3.5, ,购物
320,信息科技大楼（北侧）,2004,0,3153.84466,6,框架剪力墙,3.5,估计年份,办公楼
321,信息科技大楼（南侧）,2004,0,2802.84557,5,框架剪力墙,3.5,估计年份,办公楼
322,紫光大厦,2000,0,1878.01803,5,框架剪力墙,3,估计年份,办公楼
323,紫光国际交流中心（西侧）,2000,0,881.44116,7,框架剪力墙,3,估计年份,办公楼
324,紫光国际交流中心（东侧）,2000,0,1856.57898,9,框架剪力墙,3,估计年份,住宿
325,创业大厦（北侧）,2002,0,1253.03246,13,框架剪力墙,2.799999,估计年份,办公楼
326,创业大厦（南侧）,2002,0,294.93577,3,框架剪力墙,2.799999,估计年份,办公楼
327,立业大厦（北侧）,2002,0,1253.03246,13,框架剪力墙,2.799999,估计年份,办公楼
328,立业大厦（南侧）,2002,0,294.93577,3,框架剪力墙,2.799999,估计年份,办公楼
329,科建大厦（北侧）,2002,0,1253.03246,10,框架剪力墙,3,估计年份,办公楼
330,科建大厦（北侧）,2002,0,426.76537,6,框架剪力墙,3,估计年份,办公楼
331,威盛大厦,2004,0,2153.4328,12,框架剪力墙,3,估计年份,办公楼
332,科技大厦（A座）,2002,0,1902.19099,26,框架剪力墙,3,估计年份,办公楼
333,科技大厦（C座）,2002,0,1781.66592,26,框架剪力墙,3,估计年份,办公楼
334,科技大厦（B座）,2002,0,1902.19099,26,框架剪力墙,3,估计年份,办公楼
335,科技大厦（D座）,2002,0,1781.66592,26,框架剪力墙,3,估计年份,办公楼
336,华业大厦（西侧）,1995,0,1914.9376,6,框架剪力墙,3,估计年份,办公楼
337,华业大厦（南侧）建设银行,1995,0,507.58407,3,框架剪力墙,3,估计年份,办公楼
338,华业大厦（东侧）,1995,0,805.25925,7,框架剪力墙,3,估计年份,办公楼
339,液晶大楼,1995,0,931.11967,6,框架剪力墙,3,估计年份,办公楼
340,搜狐网络大厦,2004,0,4749.70475,13,框架剪力墙,2.799999, ,办公楼
341,同方大厦（东侧）,1995,0,1394.13488,9,框架剪力墙,3,估计年份,办公楼
342,同方大厦（西侧）,1995,0,933.48173,3,框架剪力墙,3,估计年份,办公楼
343,同方大厦（南侧）,1995,0,599.56924,9,框架剪力墙,3,估计年份,办公楼
344,创新大厦（西侧）,2002,0,774.81395,17,框架剪力墙,3,估计年份,办公楼
345,创新大厦（东侧）,2002,0,708.16334,17,框架剪力墙,3,估计年份,办公楼
346,创新大厦（北侧）,2002,0,2174.60168,12,框架剪力墙,3,估计年份,办公楼
347,创新大厦（南侧）,2002,0,1319.72779,3,框架剪力墙,3,估计年份,办公楼
348,信息科技大楼（西侧）,2004,0,615.25343,6,框架剪力墙,3.5,估计年份,办公楼
349,11公寓,1956,0,321.82611,2,混合,3.5, ,公寓
350,9公寓,1956,0,685.73469,3,混合,3.5, ,公寓
351,西南20,1984,0,522.86684,5,冉酵馄,3.5, ,公寓
352,西南19,1984,0,828.55833,5,冉酵馄,3.5, ,公寓
353,西南18,1981,0,858.89637,5,冉酵馄,3.5, ,公寓
354,西南17,1982,0,801.36448,5,冉酵馄,3.5, ,公寓
355,西南16,1983,0,733.29795,5,冉酵馄,3.5, ,公寓
356,西南15,1983,0,764.88681,5,冉酵馄,3.5, ,公寓
357,西南11,1984,0,483.27878,5,冉酵馄,3.5, ,公寓
358,10公寓,1956,0,308.67775,2,混合,3.5, ,公寓
359,12公寓,1956,0,374.33903,2,混合,3.5, ,公寓
360,西南10,1984,0,497.51046,5,冉酵馄,3.5, ,公寓
361,西南9,1982,0,457.82401,5,冉酵馄,3.5, ,公寓
362,西南8,1982,0,966.84984,5,冉酵馄,3.5, ,公寓
363,西南7,1980,0,936.11647,5,冉酵馄,3.5, ,公寓
364,西南12,1981,0,1010.24624,5,冉酵馄,3.5, ,公寓
365,西南13,1980,0,997.8006,5,冉酵馄,3.5, ,公寓
366,西南14,1981,0,980.40169,5,冉酵馄,3.5, ,公寓
367,西南5,1982,0,324.40442,5,冉酵馄,3.5, ,公寓
368,西南4,1982,0,351.81856,5,冉酵馄,3.5, ,公寓
369,西南3,1982,0,294.31346,5,冉酵馄,3.5, ,公寓
370,西南6,1983,0,322.88146,5,冉酵馄,3.5, ,公寓
371,西南2,1983,0,354.49548,5,冉酵馄,3.5, ,公寓
372,西南1,1983,0,360.80524,5,冉酵馄,3.5, ,公寓
373,普吉院1,1937,0,171.5138,1,混合,3.299999, ,住宅
374,普吉院2,1937,0,167.20889,1,混合,3.299999, ,住宅
375,普吉院3,1937,0,171.70954,1,混合,3.299999, ,住宅
376,普吉院4,1937,0,168.09381,1,混合,3.299999, ,住宅
377,普吉院5,1937,0,173.35148,1,混合,3.299999, ,住宅
378,普吉院7,1937,0,154.51362,1,混合,3.299999, ,住宅
379,普吉院8,1937,0,165.1614,1,混合,3.299999, ,住宅
380,普吉院9,1937,0,176.55037,1,混合,3.299999, ,住宅
381,普吉院10,1937,0,136.77082,1,混合,3.299999, ,住宅
382,普吉院11,1937,0,151.44322,1,混合,3.299999, ,住宅
383,普吉院16,1937,0,96.82813,1,混合,3.299999, ,住宅
384,普吉院17,1937,0,101.09328,1,混合,3.299999, ,住宅
385,普吉院18,1937,0,125.98856,1,混合,3.299999, ,住宅
386,普吉院19,1937,0,112.43685,1,混合,3.299999, ,住宅
387,普吉院20,1937,0,74.44365,1,混合,3.299999, ,住宅
388,普吉院6,1937,0,168.08053,1,混合,3.299999, ,住宅
389,普吉院12,1937,0,176.95866,1,混合,3, ,住宅
390,普吉院25,1937,0,209.84479,1,混合,3, ,住宅
391,普吉院21,1937,0,96.47644,1,混合,3.299999, ,住宅
392,普吉院22,1937,0,103.48681,1,混合,3.299999, ,住宅
393,普吉院13,1937,0,70.85157,1,混合,3.299999, ,住宅
394,普吉院14,1937,0,101.57728,1,混合,3.299999, ,住宅
395,普吉院23,1937,0,107.44564,1,混合,3.299999, ,住宅
396,普吉院15,1937,0,151.48877,1,混合,3.299999, ,住宅
397,普吉院24,1937,0,136.69677,1,混合,3.299999, ,住宅
398,普吉院26,1937,0,141.92995,1,混合,3.299999, ,住宅
399,普吉院27,1937,0,249.40592,1,混合,3.299999, ,住宅
400,普吉院28,1937,0,132.82483,1,混合,3.299999, ,住宅
401,普吉院29,1937,0,177.95686,1,混合,3.299999, ,住宅
402,普吉院30,1937,0,142.36858,1,混合,3.299999, ,住宅
403,普吉院31,1937,0,173.49507,1,混合,3.299999, ,住宅
404,普吉院32,1937,0,184.26392,1,混合,3.299999, ,住宅
405,普吉院33,1937,0,200.8557,1,混合,3.299999, ,住宅
406,普吉楼,1983,0,1066.92822,6,冉酵馄,3.5, ,住宅
407,南0楼,1978,0,604.60669,1,混合,3, ,住宅
408,南4楼,1976,0,652.64906,5,混合,3.5, ,住宅
409,南3楼,1973,0,659.74969,5,混合,3.5, ,住宅
410,南2楼,1973,0,679.69166,5,混合,3.5, ,住宅
411,南1楼,1973,0,702.50395,5,混合,3.5, ,住宅
412,南13楼,1986,0,850.86099,5,混合,3.5, ,住宅
413,南12楼,1986,0,844.36476,5,混合,3.5, ,住宅
414,南11楼,1986,0,963.26151,6,混合,3.5, ,住宅
415,蓝旗营11号楼,1999,0,708.03321,18,框架剪力墙,3.599999, ,住宅
416,蓝旗营5号楼,1999,0,708.03321,19,框架剪力墙,3.599999, ,住宅
417,蓝旗营4号楼,1999,0,708.03321,19,框架剪力墙,3.599999, ,住宅
418,蓝旗营3号楼,1999,0,708.03321,19,框架剪力墙,3.599999, ,住宅
419,蓝旗营2号楼,1999,0,708.03321,19,框架剪力墙,3.599999, ,住宅
420,蓝旗营7号楼,1999,0,708.03321,19,框架剪力墙,3.599999, ,住宅
421,蓝旗营6号楼,1999,0,708.03321,20,框架剪力墙,3.599999, ,住宅
422,蓝旗营1号楼,1999,0,708.03321,19,框架剪力墙,3.599999, ,住宅
423,蓝旗营9号楼,1999,0,708.03321,18,框架剪力墙,3.599999, ,住宅
424,蓝旗营8号楼,1999,0,708.03321,20,框架剪力墙,3.599999, ,住宅
425,蓝旗营12号楼,1998,0,1308.97669,9,框架剪力墙,3.599999, ,住宅
426,蓝旗营10号楼,1998,0,1517.08721,6,框架剪力墙,3.599999, ,住宅
427,清华印刷厂,1995,0,1646.77926,1,砖混结构,4,估计年份,公共设施
428,东11楼,1990,0,990.09648,6,砖混结构,3.5,估计年份,教工宿舍
429,东13楼,1990,0,1081.952,5,砖混结构,3.5,估计年份,教工宿舍
430,东15楼,1990,0,1258.5872,6,砖混结构,3.5,估计年份,教工宿舍
431,东16楼,1990,0,1281.98413,5,砖混结构,3.5,估计年份,教工宿舍
432,东9楼,1990,0,790.77051,6,砖混结构,3.5,估计年份,教工宿舍
433,东5楼,1990,0,364.7775,4,砖混结构,3.5,估计年份,教工宿舍
434,东4楼,1990,0,358.72059,5,砖混结构,3.5,估计年份,教工宿舍
435,东3楼,1990,0,347.80129,5,砖混结构,3.5,估计年份,教工宿舍
436,东2楼,1990,0,313.48703,5,砖混结构,3.5,估计年份,教工宿舍
437,东1楼,1990,0,309.78342,5,砖混结构,3.5,估计年份,教工宿舍
438,东6楼,1990,0,998.07195,6,砖混结构,3.5,估计年份,教工宿舍
439,东7楼,1990,0,922.27192,6,砖混结构,3.5,估计年份,教工宿舍
440,东8楼,1990,0,1024.4901,6,砖混结构,3.5,估计年份,教工宿舍
441,南10楼,1990,0,554.03121,6,砖混结构,3.5,估计年份,教工宿舍
442,南9楼,1990,0,656.43287,5,砖混结构,3.5,估计年份,教工宿舍
443,南8楼,1990,0,688.88516,5,砖混结构,3.5,估计年份,教工宿舍
444,南7楼,1990,0,926.00583,5,砖混结构,3.5,估计年份,教工宿舍
445,南6楼,1990,0,1018.64377,5,砖混结构,3.5,估计年份,教工宿舍
446,南5楼,1990,0,976.74975,5,砖混结构,3.5,估计年份,教工宿舍
447,高1楼,2000,0,595.45653,17,框架剪力墙,3.5,估计年份,教工宿舍
448,高2楼,2000,0,610.89821,17,框架剪力墙,3.5,估计年份,教工宿舍
449,中6楼,1995,0,509.89816,5,砖混结构,3.5,估计年份,教工宿舍
450,中4楼,1995,0,513.44517,5,砖混结构,3.5,估计年份,教工宿舍
451,中2楼,1995,0,603.24773,5,砖混结构,3.5,估计年份,教工宿舍
452,中1楼,1995,0,612.73625,5,砖混结构,3.5,估计年份,教工宿舍
453,中3楼,1995,0,501.34631,5,砖混结构,3.5,估计年份,教工宿舍
454,中5楼,1995,0,485.83308,5,砖混结构,3.5,估计年份,教工宿舍
455,中7楼,1995,0,427.93743,5,砖混结构,3.5,估计年份,教工宿舍
456,中8楼,1995,0,369.33849,5,砖混结构,3.5,估计年份,教工宿舍
457,西11楼,1995,0,632.72894,5,砖混结构,3.5,估计年份,教工宿舍
458,西10楼,1995,0,588.75648,5,砖混结构,3.5,估计年份,教工宿舍
459,西9楼,1995,0,489.17586,5,砖混结构,3.5,估计年份,教工宿舍
460,西12楼,1995,0,466.95796,5,砖混结构,3.5,估计年份,教工宿舍
461,西13楼,1995,0,551.86695,5,砖混结构,3.5,估计年份,教工宿舍
462,西14楼,1995,0,632.7289,5,砖混结构,3.5,估计年份,教工宿舍
463,西2楼,1995,0,633.22306,5,砖混结构,3.5,估计年份,教工宿舍
464,15公寓,1995,0,557.93963,5,砖混结构,3.5,估计年份,教工宿舍
465,16公寓,1995,0,610.97102,5,砖混结构,3.5,估计年份,教工宿舍
466,西1楼,1995,0,615.5903,5,砖混结构,3.5,估计年份,教工宿舍
467,17公寓,1995,0,627.84861,5,砖混结构,3.5,估计年份,教工宿舍
468,18公寓,1995,0,524.09555,5,砖混结构,3.5,估计年份,教工宿舍
469,19公寓,1995,0,524.20105,5,砖混结构,3.5,估计年份,教工宿舍
470,西8楼,1995,0,473.60982,5,砖混结构,3.5,估计年份,教工宿舍
471,西44楼,1995,0,495.84489,5,砖混结构,3.5,估计年份,教工宿舍
472,西43楼,1995,0,467.98847,5,砖混结构,3.5,估计年份,教工宿舍
473,西42楼,1995,0,675.75022,5,砖混结构,3.5,估计年份,教工宿舍
474,西41楼,1995,0,631.3482,5,砖混结构,3.5,估计年份,教工宿舍
475,西45楼,1995,0,175.64679,5,砖混结构,3.5,估计年份,教工宿舍
476,西46楼,1995,0,199.61439,5,砖混结构,3.5,估计年份,教工宿舍
477,西47楼,1995,0,187.69378,5,砖混结构,3.5,估计年份,教工宿舍
478,7公寓,1995,0,865.48995,5,砖混结构,3.5,估计年份,教工宿舍
479,5公寓,1995,0,915.03266,5,砖混结构,3.5,估计年份,教工宿舍
480,3公寓,1995,0,913.31229,5,砖混结构,3.5,估计年份,教工宿舍
481,1公寓,1995,0,528.58454,5,砖混结构,3.5,估计年份,教工宿舍
482,2公寓,1995,0,581.6342,5,砖混结构,3.5,估计年份,教工宿舍
483,4公寓,1995,0,951.90728,5,砖混结构,3.5,估计年份,教工宿舍
484,6公寓,1995,0,853.81286,5,砖混结构,3.5,估计年份,教工宿舍
485,8公寓,1995,0,889.22669,5,砖混结构,3.5,估计年份,教工宿舍
486,北京银行,2005,0,714.82412,1,框架剪力墙,4.5,估计年份,服务类建筑
487,建设银行,2005,0,482.47888,1,框架结构,4.5,估计年份,服务类建筑
488,邮政 工商银行,2000,0,810.53407,2,框架结构,4,估计年份,服务类建筑
489,服务楼,1995,0,563.30073,5,框架剪力墙,3.5,估计年份,公共设施
490,29号楼,1994,500.65004,500.65004,6,剪力墙,3.5, ,学生公寓
491,22号楼,1986,395.2772,395.2772,6,剪力墙,3.5, ,学生公寓
492,21号楼,1986,395.15126,395.15126,6,剪力墙,3.5, ,学生公寓
493,20号楼,1987,395.32899,395.32899,6,剪力墙,3.5, ,学生公寓
494,19号楼,1987,397.8507,397.8507,6,剪力墙,3.5, ,学生公寓
495,实验楼,2002,2470.97975,2470.97975,4,框架剪力墙,3.5, ,教学楼
496,图书教学楼,2002,1235.65116,1235.65116,4,框架剪力墙,3.5, ,教学楼
497,旧学生宿舍,1958,957.78867,957.78867,4,剪力墙,3, ,学生公寓
498,音乐楼,1995,319.25439,319.25439,2,剪力墙,3, ,教学楼
499,外国留学生楼,1995,388.58883,388.58883,2,剪力墙,3, ,教学楼
500,教学楼,1995,995.40367,995.40367,3,剪力墙,3, ,教学楼
501,20号宿舍楼,1997,861.86098,861.86098,6,剪力墙,3, ,家属区
502,19号宿舍楼,1997,769.67181,769.67181,6,剪力墙,3, ,家属区
503,21号宿舍楼,1997,864.82692,864.82692,6,剪力墙,3, ,家属区
504,22号宿舍楼,1997,866.43714,866.43714,6,剪力墙,3, ,家属区
505,23号宿舍楼,1997,810.42045,810.42045,6,剪力墙,3, ,家属区
506,锅炉房,1958,461.65164,461.65164,6,砖混结构,3.5, ,实验室
507,汽轮机房,1958,892.94328,892.94328,1,砖混结构,3.5, ,实验室
508,实验电厂2,1958,78.47751,78.47751,1,砖混结构,3, ,实验室
509,实验电场1,1958,83.27678,83.27678,1,砖混结构,3, ,实验室
510,实验电厂3,1958,239.8619,239.8619,1,砖混结构,3.5, ,实验室
511,西北16楼,1993,903.1006,903.1006,6,砖混结构,3, ,职工家属住宅
512,西北15楼,1993,903.41108,903.41108,6,砖混结构,3, ,职工家属住宅
513,西北14楼,1993,354.62412,354.62412,6,砖混结构,3, ,职工家属住宅
514,西北13楼,1993,598.53188,598.53188,6,砖混结构,3, ,职工家属住宅
515,西北12楼,1993,554.505,554.505,6,砖混结构,3, ,职工家属住宅
516,西北11楼,1993,260.13594,260.13594,6,砖混结构,3, ,职工家属住宅
517,西北10楼,1993,1081.91449,1081.91449,6,砖混结构,3, ,职工家属住宅
518,西北 9楼,1993,669.36317,669.36317,6,砖混结构,3, ,职工家属住宅
519,西北 8楼,1993,260.60867,260.60867,6,砖混结构,3, ,职工家属住宅
520,西北 7楼,1993,1092.84396,1092.84396,6,砖混结构,3, ,职工家属住宅
521,西北 6楼,1993,726.95967,726.95967,6,砖混结构,3, ,职工家属住宅
522,西北 5楼,1993,261.23134,261.23134,6,砖混结构,3, ,职工家属住宅
523,西北 4楼,1993,542.15917,542.15917,6,砖混结构,3, ,职工家属住宅
524,西北 3楼,1993,745.13566,745.13566,6,砖混结构,3, ,职工家属住宅
525,西北 2楼,1993,685.18915,685.18915,6,砖混结构,3, ,职工家属住宅
526,西北 1楼,1993,721.34362,721.34362,6,砖混结构,3, ,职工家属住宅
527,北园餐厅,1994,537.43833,537.43833,1,框架结构,4, ,餐厅
528,西北商城,1994,1704.74781,1704.74781,6,框架剪力墙,3.5, ,超市
529,荷清苑1号楼,2002,1637.75375,1637.75375,7,剪力墙,3.5, ,职工家属住宅
530,荷清苑2号楼,2002,1748.11476,1748.11476,7,剪力墙,3.5, ,职工家属住宅
531,荷清苑5号楼,2002,1262.84152,1262.84152,7,剪力墙,3.5, ,职工家属住宅
532,荷清苑6号楼,2002,1008.86773,1008.86773,7,剪力墙,3.5, ,职工家属住宅
533,荷清苑10号楼,2002,1253.96718,1253.96718,7,剪力墙,3.5, ,职工家属住宅
534,荷清苑14号楼,2002,1539.85101,1539.85101,7,剪力墙,3.5, ,职工家属住宅
535,荷清苑13号楼,2002,1232.63342,1232.63342,7,剪力墙,3.5, ,职工家属住宅
536,荷清苑9号楼,2002,1055.01244,1055.01244,7,剪力墙,3.5, ,职工家属住宅
537,荷清苑12号楼,2002,1549.09313,1549.09313,9,剪力墙,3.5, ,职工家属住宅
538,荷清苑11号楼,2002,1356.18276,1356.18276,9,剪力墙,3.299999, ,职工家属住宅
539,荷清苑7号楼,2002,1199.47486,1199.47486,7,剪力墙,3.5, ,职工家属住宅
540,荷清苑3号楼,2002,727.38768,727.38768,7,剪力墙,3.5, ,职工家属住宅
541,荷清苑4号楼,2002,991.55567,991.55567,7,剪力墙,3.5, ,职工家属住宅
542,荷清苑超市,2002,724.94252,724.94252,2,框架剪力墙,3.5, ,超市
543,荷清苑8号楼,2002,1045.87443,1045.87443,7,剪力墙,3.5, ,职工家属住宅
544,教学楼C区1,2002,366.6073,366.6073,4,框架剪力墙,3.5, ,教学楼
545,教学楼C区2,2002,1121.7113,1121.7113,5,框架剪力墙,3.5, ,教学楼
546,教学楼C区3,2002,536.04945,536.04945,4,框架剪力墙,3.5, ,教学楼
547,教学楼B区1,2002,1161.9043,1161.9043,4,框架剪力墙,3.5, ,教学楼
548,教学楼B区2,2002,349.79273,349.79273,3,框架剪力墙,3.5, ,教学楼
549,教学楼A区,2002,2010.98822,2010.98822,5,框架剪力墙,3.5, ,教学楼
550,附中初中楼,2002,3195.19554,3195.19554,4,框架剪力墙,3.299999, ,教学楼
551,软件学院,1995,1527.56015,1527.56015,2,框架剪力墙,3.5, ,实验室
552,新学生宿舍,2002,1209.69371,1209.69371,5,剪力墙,3, ,学生公寓
553,食堂,2002,1798.62358,1798.62358,4,框架剪力墙,3.5, ,学生食堂
554,北区浴室1,1986,993.9607,993.9607,3,砖混结构,3.5, ,浴室
555,北区浴室2,1986,126.89858,126.89858,2,砖混结构,3.5, ,浴室
556,超市,1958,663.42541,663.42541,1,砖混结构,3.5, ,超市
557,超市1,1958,229.4373,229.4373,1,砖混结构,3, ,废弃
558,实验电厂,1958,529.61226,529.61226,3,砖混结构,3.5, ,实验室
559,六教（B区）,2006,0,1386.91666,9,框架剪力墙,4, ,教学楼
560,六教（A区）,2006,0,3521.77235,6,框架剪力墙,4, ,教学楼
561,六教(C区),2006,0,694.85409,4,框架结构,7, ,教学楼
562,中央主楼,2000,1191500544,4582.95901,10,框架剪力墙,4.199999, ,办公楼
563,蒙民伟音乐厅,2011,0,2074.72979,3,框架剪力墙,6, ,演出
564,校史馆,2010,0,3674.16306,3,框架剪力墙,6, ,展览馆
565,新清华学堂,2011,0,1556.07835,4,框架剪力墙,6, ,演出
566,清华-富士康纳米科技楼,2003,0,2524.01851,5,框架剪力墙,3.5, ,科技楼
567,法学院（明理楼）,1999,0,2748.00263,5,框架剪力墙,3.5, ,教学楼
568,精仪系,1965,0,5728.96598,4,框架结构,4, ,教学楼
569,建筑节能楼,2005,0,2068.54824,4,框架结构,4, ,实验室
570,技术科学楼,1998,0,7305.3626,5,框架剪力墙,4, ,实验室
571,建筑设计中心,2001,0,2369.14283,4,框架结构,3.5, ,设计楼
572,环境节能楼,2006,0,3164.57996,10,框架剪力墙,3.5, ,实验室
573,刘卿楼,2008,0,2055.81824,11,框架剪力墙,4, ,教学楼
574,英士楼,2009,0,717.81442,11,框架剪力墙,4, ,教学楼
575,伟清楼,2008,0,666.04786,11,框架剪力墙,4, ,实验室
576,美术学院大楼,2005,0,17201.62021,5,框架剪力墙,4, ,教学楼
577,三教（1段）,1980,0,1123.47737,3,框架结构,4, ,教学楼
578,三教（2段）,1980,0,1101.02314,3,框架结构,4, ,教学楼
579,三教（3段）,1980,0,1484.4262,5,框架剪力墙,4, ,教学楼
580,工物馆,1957,0,4900.30348,4,砖混结构,4, ,教学楼
581,西主楼,1956,0,5860.45209,4,框架结构,4.199999, ,办公楼
582,焊接馆,1960,0,1967.35412,3,砖混结构,4, ,实验楼
583,东主楼,1956,0,5633.12186,4,框架结构,4.199999, ,办公楼
584,东阶梯教室,1960,0,530.43518,2,框架结构,3.5, ,教学楼
585,基础工业训练中心,1970,0,4872.01775,2,框架剪力墙,3, ,办公楼
586,设备仪器厂,1975,0,3323.19959,3,框架结构,3, ,厂房
587,经管学院（舜德楼&伟伦楼）,1995,0,7774.64369,5,框架剪力墙,4, ,教学楼
588,微电子所,1983,0,2907.67665,4,框架结构,3.5, ,实验室
589,公管学院,1985,0,1342.88286,5,框架剪力墙,4, ,教学楼
590,能科楼A,1987,0,1580.85228,5,框架剪力墙,3.5, ,实验室
591,能科楼B,1987,0,1069.56596,7,框架剪力墙,4, ,实验室
592,建筑系,1992,0,3271.54846,5,框架剪力墙,4, ,教学楼
593,学研大厦,2000,0,4592.99257,12,框架剪力墙,3.5, ,出版社
594,工物系报告厅,2000,0,488.35517,2,框架结构,3.5, ,实验室
595,艺术博物馆（在建）,2014,0,10106.8991,3,框架剪力墙,6, ,博物馆
596, ,1982,0,769.71477,3,砖混结构,3, ,住宅
597, ,1982,0,564.7358,3,砖混结构,3, ,住宅
598, ,1982,0,72.78627,2,砖混结构,3, ,住宅
599, ,1982,0,56.19528,2,砖混结构,3, ,住宅
600, ,1982,0,379.23786,2,砖混结构,3, ,住宅
601, ,1982,0,432.77055,2,砖混结构,3, ,住宅
602, ,1982,0,130.41319,2,砖混结构,3, ,住宅
603, ,1982,0,346.50579,3,砖混结构,3, ,住宅
604, ,1982,0,91.3581,2,砖混结构,3, ,住宅
605, ,1982,0,636.33275,2,砖混结构,3, ,住宅
606, ,1982,0,321.40132,2,砖混结构,3, ,住宅
607, ,1982,0,306.27319,2,砖混结构,3, ,住宅
608, ,1982,0,180.57417,2,砖混结构,3, ,住宅
609, ,1982,0,90.39412,2,砖混结构,3, ,住宅
610, ,1982,0,269.41623,2,砖混结构,3, ,住宅
611, ,1982,0,194.48919,2,砖混结构,3, ,住宅
612, ,1982,0,369.17623,2,砖混结构,3, ,住宅
613, ,1982,0,138.77558,2,砖混结构,3, ,住宅
614, ,1982,0,115.99308,2,砖混结构,3, ,住宅
615, ,1982,0,414.67508,2,砖混结构,3, ,住宅
616, ,1982,0,429.37458,2,砖混结构,3, ,住宅
617, ,1982,0,1243.5041,2,砖混结构,3, ,住宅
618, ,1980,0,104.52322,2,砖混结构,3, ,住宅
